n_est,max_depth,lambda,learning_rate,missing,objective,accuracy
150,2,0.5,0.15,nan,binary:logistic,0.8471484486217938
150,2,0.5,0.15,nan,binary:hinge,0.8248519039804328
150,2,0.5,0.15,nan,binary:logitraw,0.8405761868096376
150,2,0.5,0.15,0,binary:logistic,0.8471484486217938
150,2,0.5,0.15,0,binary:hinge,0.8248519039804328
150,2,0.5,0.15,0,binary:logitraw,0.8405761868096376
150,2,0.5,0.2,nan,binary:logistic,0.8485612288101576
150,2,0.5,0.2,nan,binary:hinge,0.8323454341874174
150,2,0.5,0.2,nan,binary:logitraw,0.8415896324124618
150,2,0.5,0.2,0,binary:logistic,0.8485612288101576
150,2,0.5,0.2,0,binary:hinge,0.8323454341874174
150,2,0.5,0.2,0,binary:logitraw,0.8415896324124618
150,2,0.5,0.25,nan,binary:logistic,0.8489604615267954
150,2,0.5,0.25,nan,binary:hinge,0.834218772171519
150,2,0.5,0.25,nan,binary:logitraw,0.8422960366551022
150,2,0.5,0.25,0,binary:logistic,0.8489604615267954
150,2,0.5,0.25,0,binary:hinge,0.834218772171519
150,2,0.5,0.25,0,binary:logitraw,0.8422960366551022
150,2,1,0.15,nan,binary:logistic,0.8470563308373246
150,2,1,0.15,nan,binary:hinge,0.8252204402012198
150,2,1,0.15,nan,binary:logitraw,0.840545447868411
150,2,1,0.15,0,binary:logistic,0.8470563308373246
150,2,1,0.15,0,binary:hinge,0.8252204402012198
150,2,1,0.15,0,binary:logitraw,0.840545447868411
150,2,1,0.2,nan,binary:logistic,0.8483462429812256
150,2,1,0.2,nan,binary:hinge,0.8327754794172666
150,2,1,0.2,nan,binary:logitraw,0.8418046182413937
150,2,1,0.2,0,binary:logistic,0.8483462429812256
150,2,1,0.2,0,binary:hinge,0.8327754794172666
150,2,1,0.2,0,binary:logitraw,0.8418046182413937
150,2,1,0.25,nan,binary:logistic,0.848039130878749
150,2,1,0.25,nan,binary:hinge,0.8367679820245305
150,2,1,0.25,nan,binary:logitraw,0.8421731572918726
150,2,1,0.25,0,binary:logistic,0.848039130878749
150,2,1,0.25,0,binary:hinge,0.8367679820245305
150,2,1,0.25,0,binary:logitraw,0.8421731572918726
150,2,1.5,0.15,nan,binary:logistic,0.8472713194959484
150,2,1.5,0.15,nan,binary:hinge,0.8249133082909011
150,2,1.5,0.15,nan,binary:logitraw,0.8405454789950201
150,2,1.5,0.15,0,binary:logistic,0.8472713194959484
150,2,1.5,0.15,0,binary:hinge,0.8249133082909011
150,2,1.5,0.15,0,binary:logitraw,0.8405454789950201
150,2,1.5,0.2,nan,binary:logistic,0.8478548358862841
150,2,1.5,0.2,nan,binary:hinge,0.8346181010976753
150,2,1.5,0.2,nan,binary:logitraw,0.8415896437312286
150,2,1.5,0.2,0,binary:logistic,0.8478548358862841
150,2,1.5,0.2,0,binary:hinge,0.8346181010976753
150,2,1.5,0.2,0,binary:logitraw,0.8415896437312286
150,2,1.5,0.25,nan,binary:logistic,0.848469094047538
150,2,1.5,0.25,nan,binary:hinge,0.8378428828722738
150,2,1.5,0.25,nan,binary:logitraw,0.8422038594471067
150,2,1.5,0.25,0,binary:logistic,0.848469094047538
150,2,1.5,0.25,0,binary:hinge,0.8378428828722738
150,2,1.5,0.25,0,binary:logitraw,0.8422038594471067
150,2,2,0.15,nan,binary:logistic,0.8472712855396477
150,2,2,0.15,nan,binary:hinge,0.8235926373979314
150,2,2,0.15,nan,binary:logitraw,0.8401462123220815
150,2,2,0.15,0,binary:logistic,0.8472712855396477
150,2,2,0.15,0,binary:hinge,0.8235926373979314
150,2,2,0.15,0,binary:logitraw,0.8401462123220815
150,2,2,0.2,nan,binary:logistic,0.8476398868433445
150,2,2,0.2,nan,binary:hinge,0.8309327813351812
150,2,2,0.2,nan,binary:logitraw,0.8414053855247561
150,2,2,0.2,0,binary:logistic,0.8476398868433445
150,2,2,0.2,0,binary:hinge,0.8309327813351812
150,2,2,0.2,0,binary:logitraw,0.8414053855247561
150,2,2,0.25,nan,binary:logistic,0.8486533720618525
150,2,2,0.25,nan,binary:hinge,0.8354781123260052
150,2,2,0.25,nan,binary:logitraw,0.8421424296694129
150,2,2,0.25,0,binary:logistic,0.8486533720618525
150,2,2,0.25,0,binary:hinge,0.8354781123260052
150,2,2,0.25,0,binary:logitraw,0.8421424296694129
150,3,0.5,0.15,nan,binary:logistic,0.8500968034709994
150,3,0.5,0.15,nan,binary:hinge,0.8418352524840266
150,3,0.5,0.15,nan,binary:logitraw,0.8424188339572719
150,3,0.5,0.15,0,binary:logistic,0.8500968034709994
150,3,0.5,0.15,0,binary:hinge,0.8418352524840266
150,3,0.5,0.15,0,binary:logitraw,0.8424188339572719
150,3,0.5,0.2,nan,binary:logistic,0.8504346233880938
150,3,0.5,0.2,nan,binary:hinge,0.8400540124765522
150,3,0.5,0.2,nan,binary:logitraw,0.8438929901591866
150,3,0.5,0.2,0,binary:logistic,0.8504346233880938
150,3,0.5,0.2,0,binary:hinge,0.8400540124765522
150,3,0.5,0.2,0,binary:logitraw,0.8438929901591866
150,3,0.5,0.25,nan,binary:logistic,0.8511103113270414
150,3,0.5,0.25,nan,binary:hinge,0.8422038396392645
150,3,0.5,0.25,nan,binary:logitraw,0.843033038354383
150,3,0.5,0.25,0,binary:logistic,0.8511103113270414
150,3,0.5,0.25,0,binary:hinge,0.8422038396392645
150,3,0.5,0.25,0,binary:logitraw,0.843033038354383
150,3,1,0.15,nan,binary:logistic,0.8498203991831405
150,3,1,0.15,nan,binary:hinge,0.840821832348428
150,3,1,0.15,nan,binary:logitraw,0.8428795190891373
150,3,1,0.15,0,binary:logistic,0.8498203991831405
150,3,1,0.15,0,binary:hinge,0.840821832348428
150,3,1,0.15,0,binary:logitraw,0.8428795190891373
150,3,1,0.2,nan,binary:logistic,0.8507417354905704
150,3,1,0.2,nan,binary:hinge,0.8406375401856548
150,3,1,0.2,nan,binary:logitraw,0.8434016000423955
150,3,1,0.2,0,binary:logistic,0.8507417354905704
150,3,1,0.2,0,binary:hinge,0.8406375401856548
150,3,1,0.2,0,binary:logitraw,0.8434016000423955
150,3,1,0.25,nan,binary:logistic,0.8506189325290171
150,3,1,0.25,nan,binary:hinge,0.8425109432526661
150,3,1,0.25,nan,binary:logitraw,0.8428488141042113
150,3,1,0.25,0,binary:logistic,0.8506189325290171
150,3,1,0.25,0,binary:hinge,0.8425109432526661
150,3,1,0.25,0,binary:logitraw,0.8428488141042113
150,3,1.5,0.15,nan,binary:logistic,0.849359748007576
150,3,1.5,0.15,nan,binary:hinge,0.8392554678119085
150,3,1.5,0.15,nan,binary:logitraw,0.843248046820849
150,3,1.5,0.15,0,binary:logistic,0.849359748007576
150,3,1.5,0.15,0,binary:hinge,0.8392554678119085
150,3,1.5,0.15,0,binary:logitraw,0.843248046820849
150,3,1.5,0.2,nan,binary:logistic,0.8505574404981054
150,3,1.5,0.2,nan,binary:hinge,0.8412517332639992
150,3,1.5,0.2,nan,binary:logitraw,0.8434630156716306
150,3,1.5,0.2,0,binary:logistic,0.8505574404981054
150,3,1.5,0.2,0,binary:hinge,0.8412517332639992
150,3,1.5,0.2,0,binary:logitraw,0.8434630156716306
150,3,1.5,0.25,nan,binary:logistic,0.8498204303097495
150,3,1.5,0.25,nan,binary:hinge,0.8424187943415876
150,3,1.5,0.25,nan,binary:logitraw,0.8441386583355109
150,3,1.5,0.25,0,binary:logistic,0.8498204303097495
150,3,1.5,0.25,0,binary:hinge,0.8424187943415876
150,3,1.5,0.25,0,binary:logitraw,0.8441386583355109
150,3,2,0.15,nan,binary:logistic,0.8496668459615938
150,3,2,0.15,nan,binary:hinge,0.8396240549671466
150,3,2,0.15,nan,binary:logitraw,0.8424802552458904
150,3,2,0.15,0,binary:logistic,0.8496668459615938
150,3,2,0.15,0,binary:hinge,0.8396240549671466
150,3,2,0.15,0,binary:logitraw,0.8424802552458904
150,3,2,0.2,nan,binary:logistic,0.8510795525779727
150,3,2,0.2,nan,binary:hinge,0.8417124240552477
150,3,2,0.2,nan,binary:logitraw,0.8431251533091606
150,3,2,0.2,0,binary:logistic,0.8510795525779727
150,3,2,0.2,0,binary:hinge,0.8417124240552477
150,3,2,0.2,0,binary:logitraw,0.8431251533091606
150,3,2,0.25,nan,binary:logistic,0.8501582615456105
150,3,2,0.25,nan,binary:hinge,0.8421117190251035
150,3,2,0.25,nan,binary:logitraw,0.8435244737462417
150,3,2,0.25,0,binary:logistic,0.8501582615456105
150,3,2,0.25,0,binary:hinge,0.8421117190251035
150,3,2,0.25,0,binary:logitraw,0.8435244737462417
150,4,0.5,0.15,nan,binary:logistic,0.8508031737573393
150,4,0.5,0.15,nan,binary:hinge,0.8401154111276371
150,4,0.5,0.15,nan,binary:logitraw,0.8424188084900464
150,4,0.5,0.15,0,binary:logistic,0.8508031737573393
150,4,0.5,0.15,0,binary:hinge,0.8401154111276371
150,4,0.5,0.15,0,binary:logitraw,0.8424188084900464
150,4,0.5,0.2,nan,binary:logistic,0.8495747310068164
150,4,0.5,0.2,nan,binary:hinge,0.8412210820432161
150,4,0.5,0.2,nan,binary:logitraw,0.8423266652383514
150,4,0.5,0.2,0,binary:logistic,0.8495747310068164
150,4,0.5,0.2,0,binary:hinge,0.8412210820432161
150,4,0.5,0.2,0,binary:logitraw,0.8423266652383514
150,4,0.5,0.25,nan,binary:logistic,0.8486840855358536
150,4,0.5,0.25,nan,binary:hinge,0.8431866368509972
150,4,0.5,0.25,nan,binary:logitraw,0.843217302220239
150,4,0.5,0.25,0,binary:logistic,0.8486840855358536
150,4,0.5,0.25,0,binary:hinge,0.8431866368509972
150,4,0.5,0.25,0,binary:logitraw,0.843217302220239
150,4,1,0.15,nan,binary:logistic,0.8496975339683693
150,4,1,0.15,nan,binary:hinge,0.8412825174802933
150,4,1,0.15,nan,binary:logitraw,0.842357384371736
150,4,1,0.15,0,binary:logistic,0.8496975339683693
150,4,1,0.15,0,binary:hinge,0.8412825174802933
150,4,1,0.15,0,binary:logitraw,0.842357384371736
150,4,1,0.2,nan,binary:logistic,0.8500968515757589
150,4,1,0.2,nan,binary:hinge,0.8422038594471067
150,4,1,0.2,nan,binary:logitraw,0.8419888481509489
150,4,1,0.2,0,binary:logistic,0.8500968515757589
150,4,1,0.2,0,binary:hinge,0.8422038594471067
150,4,1,0.2,0,binary:logitraw,0.8419888481509489
150,4,1,0.25,nan,binary:logistic,0.8494211466586608
150,4,1,0.25,nan,binary:hinge,0.8428795190891373
150,4,1,0.25,nan,binary:logitraw,0.8430637291908503
150,4,1,0.25,0,binary:logistic,0.8494211466586608
150,4,1,0.25,0,binary:hinge,0.8428795190891373
150,4,1,0.25,0,binary:logitraw,0.8430637291908503
150,4,1.5,0.15,nan,binary:logistic,0.8495746800723651
150,4,1.5,0.15,nan,binary:hinge,0.8416511018058396
150,4,1.5,0.15,nan,binary:logitraw,0.8426952184372888
150,4,1.5,0.15,0,binary:logistic,0.8495746800723651
150,4,1.5,0.15,0,binary:hinge,0.8416511018058396
150,4,1.5,0.15,0,binary:logitraw,0.8426952184372888
150,4,1.5,0.2,nan,binary:logistic,0.8496668261537518
150,4,1.5,0.2,nan,binary:hinge,0.8407603686144335
150,4,1.5,0.2,nan,binary:logitraw,0.8429716085766893
150,4,1.5,0.2,0,binary:logistic,0.8496668261537518
150,4,1.5,0.2,0,binary:hinge,0.8407603686144335
150,4,1.5,0.2,0,binary:logitraw,0.8429716085766893
150,4,1.5,0.25,nan,binary:logistic,0.8495439977249731
150,4,1.5,0.25,nan,binary:hinge,0.8438929731810364
150,4,1.5,0.25,nan,binary:logitraw,0.843493706508098
150,4,1.5,0.25,0,binary:logistic,0.8495439977249731
150,4,1.5,0.25,0,binary:hinge,0.8438929731810364
150,4,1.5,0.25,0,binary:logitraw,0.843493706508098
150,4,2,0.15,nan,binary:logistic,0.849697536798061
150,4,2,0.15,nan,binary:hinge,0.8415282309316852
150,4,2,0.15,nan,binary:logitraw,0.8427873871562093
150,4,2,0.15,0,binary:logistic,0.849697536798061
150,4,2,0.15,0,binary:hinge,0.8415282309316852
150,4,2,0.15,0,binary:logitraw,0.8427873871562093
150,4,2,0.2,nan,binary:logistic,0.8491140175780337
150,4,2,0.2,nan,binary:hinge,0.8416817360484723
150,4,2,0.2,nan,binary:logitraw,0.8429409007620716
150,4,2,0.2,0,binary:logistic,0.8491140175780337
150,4,2,0.2,0,binary:hinge,0.8416817360484723
150,4,2,0.2,0,binary:logitraw,0.8429409007620716
150,4,2,0.25,nan,binary:logistic,0.8501889467226943
150,4,2,0.25,nan,binary:hinge,0.8434937574425492
150,4,2,0.25,nan,binary:logitraw,0.843862262536727
150,4,2,0.25,0,binary:logistic,0.8501889467226943
150,4,2,0.25,0,binary:hinge,0.8434937574425492
150,4,2,0.25,0,binary:logitraw,0.843862262536727
200,2,0.5,0.15,nan,binary:logistic,0.8479469961161293
200,2,0.5,0.15,nan,binary:hinge,0.8258347125109324
200,2,0.5,0.15,nan,binary:logitraw,0.8418967643227804
200,2,0.5,0.15,0,binary:logistic,0.8479469961161293
200,2,0.5,0.15,0,binary:hinge,0.8258347125109324
200,2,0.5,0.15,0,binary:logitraw,0.8418967643227804
200,2,0.5,0.2,nan,binary:logistic,0.8491447452004933
200,2,0.5,0.2,nan,binary:hinge,0.8358772912785003
200,2,0.5,0.2,nan,binary:logitraw,0.8426031119715865
200,2,0.5,0.2,0,binary:logistic,0.8491447452004933
200,2,0.5,0.2,0,binary:hinge,0.8358772912785003
200,2,0.5,0.2,0,binary:logitraw,0.8426031119715865
200,2,0.5,0.25,nan,binary:logistic,0.8493290288741914
200,2,0.5,0.25,nan,binary:hinge,0.8374435539461175
200,2,0.5,0.25,nan,binary:logitraw,0.8426952806905068
200,2,0.5,0.25,0,binary:logistic,0.8493290288741914
200,2,0.5,0.25,0,binary:hinge,0.8374435539461175
200,2,0.5,0.25,0,binary:logitraw,0.8426952806905068
200,2,1,0.15,nan,binary:logistic,0.847824153538892
200,2,1,0.15,nan,binary:hinge,0.8263260856495732
200,2,1,0.15,nan,binary:logitraw,0.8416510565307721
200,2,1,0.15,0,binary:logistic,0.847824153538892
200,2,1,0.15,0,binary:hinge,0.8263260856495732
200,2,1,0.15,0,binary:logitraw,0.8416510565307721
200,2,1,0.2,nan,binary:logistic,0.8484690912178463
200,2,1,0.2,nan,binary:hinge,0.8353552952159936
200,2,1,0.2,nan,binary:logitraw,0.8427259488894402
200,2,1,0.2,0,binary:logistic,0.8484690912178463
200,2,1,0.2,0,binary:hinge,0.8353552952159936
200,2,1,0.2,0,binary:logitraw,0.8427259488894402
200,2,1,0.25,nan,binary:logistic,0.8492061834672624
200,2,1,0.25,nan,binary:hinge,0.8395627157395881
200,2,1,0.25,nan,binary:logitraw,0.8431252268811456
200,2,1,0.25,0,binary:logistic,0.8492061834672624
200,2,1,0.25,0,binary:hinge,0.8395627157395881
200,2,1,0.25,0,binary:logitraw,0.8431252268811456
200,2,1.5,0.15,nan,binary:logistic,0.8479162911312034
200,2,1.5,0.15,nan,binary:hinge,0.826326088479265
200,2,1.5,0.15,nan,binary:logitraw,0.8417125117756914
200,2,1.5,0.15,0,binary:logistic,0.8479162911312034
200,2,1.5,0.15,0,binary:hinge,0.826326088479265
200,2,1.5,0.15,0,binary:logitraw,0.8417125117756914
200,2,1.5,0.2,nan,binary:logistic,0.8488683550610929
200,2,1.5,0.2,nan,binary:hinge,0.8361229792626664
200,2,1.5,0.2,nan,binary:logitraw,0.8418353373747783
200,2,1.5,0.2,0,binary:logistic,0.8488683550610929
200,2,1.5,0.2,0,binary:hinge,0.8361229792626664
200,2,1.5,0.2,0,binary:logitraw,0.8418353373747783
200,2,1.5,0.25,nan,binary:logistic,0.8499125197973015
200,2,1.5,0.25,nan,binary:hinge,0.8398084008940625
200,2,1.5,0.25,nan,binary:logitraw,0.8426952552232813
200,2,1.5,0.25,0,binary:logistic,0.8499125197973015
200,2,1.5,0.25,0,binary:hinge,0.8398084008940625
200,2,1.5,0.25,0,binary:logitraw,0.8426952552232813
200,2,2,0.15,nan,binary:logistic,0.8479162769827447
200,2,2,0.15,nan,binary:hinge,0.8248825467121407
200,2,2,0.15,nan,binary:logitraw,0.84177393306431
200,2,2,0.15,0,binary:logistic,0.8479162769827447
200,2,2,0.15,0,binary:hinge,0.8248825467121407
200,2,2,0.15,0,binary:logitraw,0.84177393306431
200,2,2,0.2,nan,binary:logistic,0.849206166489112
200,2,2,0.2,nan,binary:hinge,0.8332668553855992
200,2,2,0.2,nan,binary:logitraw,0.8420503118849435
200,2,2,0.2,0,binary:logistic,0.849206166489112
200,2,2,0.2,0,binary:hinge,0.8332668553855992
200,2,2,0.2,0,binary:logitraw,0.8420503118849435
200,2,2,0.25,nan,binary:logistic,0.8494211438289688
200,2,2,0.25,nan,binary:hinge,0.8384571155663022
200,2,2,0.25,nan,binary:logitraw,0.8429102212443714
200,2,2,0.25,0,binary:logistic,0.8494211438289688
200,2,2,0.25,0,binary:hinge,0.8384571155663022
200,2,2,0.25,0,binary:logitraw,0.8429102212443714
200,3,0.5,0.15,nan,binary:logistic,0.8506189183805586
200,3,0.5,0.15,nan,binary:hinge,0.8423266369414343
200,3,0.5,0.15,nan,binary:logitraw,0.8430330496731498
200,3,0.5,0.15,0,binary:logistic,0.8506189183805586
200,3,0.5,0.15,0,binary:hinge,0.8423266369414343
200,3,0.5,0.15,0,binary:logitraw,0.8430330496731498
200,3,0.5,0.2,nan,binary:logistic,0.851018153926888
200,3,0.5,0.2,nan,binary:hinge,0.8405761160673445
200,3,0.5,0.2,nan,binary:logitraw,0.8443843661275192
200,3,0.5,0.2,0,binary:logistic,0.851018153926888
200,3,0.5,0.2,0,binary:hinge,0.8405761160673445
200,3,0.5,0.2,0,binary:logitraw,0.8443843661275192
200,3,0.5,0.25,nan,binary:logistic,0.850434640366244
200,3,0.5,0.25,nan,binary:hinge,0.8424188198088132
200,3,0.5,0.25,nan,binary:logitraw,0.8438622653664188
200,3,0.5,0.25,0,binary:logistic,0.850434640366244
200,3,0.5,0.25,0,binary:hinge,0.8424188198088132
200,3,0.5,0.25,0,binary:logitraw,0.8438622653664188
200,3,1,0.15,nan,binary:logistic,0.8506496375139431
200,3,1,0.15,nan,binary:hinge,0.8419888934260166
200,3,1,0.15,nan,binary:logitraw,0.8440158355661157
200,3,1,0.15,0,binary:logistic,0.8506496375139431
200,3,1,0.15,0,binary:hinge,0.8419888934260166
200,3,1,0.15,0,binary:logitraw,0.8440158355661157
200,3,1,0.2,nan,binary:logistic,0.8514173894732174
200,3,1,0.2,nan,binary:hinge,0.84171244386309
200,3,1,0.2,nan,binary:logitraw,0.8434323135163967
200,3,1,0.2,0,binary:logistic,0.8514173894732174
200,3,1,0.2,0,binary:hinge,0.84171244386309
200,3,1,0.2,0,binary:logitraw,0.8434323135163967
200,3,1,0.25,nan,binary:logistic,0.8500968572351423
200,3,1,0.25,nan,binary:hinge,0.8435244369602494
200,3,1,0.25,nan,binary:logitraw,0.8430945105774527
200,3,1,0.25,0,binary:logistic,0.8500968572351423
200,3,1,0.25,0,binary:hinge,0.8435244369602494
200,3,1,0.25,0,binary:logitraw,0.8430945105774527
200,3,1.5,0.15,nan,binary:logistic,0.8503118232562324
200,3,1.5,0.15,nan,binary:hinge,0.8407604082301177
200,3,1.5,0.15,nan,binary:logitraw,0.843892987329495
200,3,1.5,0.15,0,binary:logistic,0.8503118232562324
200,3,1.5,0.15,0,binary:hinge,0.8407604082301177
200,3,1.5,0.15,0,binary:logitraw,0.843892987329495
200,3,1.5,0.2,nan,binary:logistic,0.8513252688590563
200,3,1.5,0.2,nan,binary:hinge,0.8420195474764913
200,3,1.5,0.2,nan,binary:logitraw,0.8436472597296446
200,3,1.5,0.2,0,binary:logistic,0.8513252688590563
200,3,1.5,0.2,0,binary:hinge,0.8420195474764913
200,3,1.5,0.2,0,binary:logitraw,0.8436472597296446
200,3,1.5,0.25,nan,binary:logistic,0.8503118091077737
200,3,1.5,0.25,nan,binary:hinge,0.8422345616023407
200,3,1.5,0.25,nan,binary:logitraw,0.8439544312556474
200,3,1.5,0.25,0,binary:logistic,0.8503118091077737
200,3,1.5,0.25,0,binary:hinge,0.8422345616023407
200,3,1.5,0.25,0,binary:logitraw,0.8439544312556474
200,3,2,0.15,nan,binary:logistic,0.8497896941982145
200,3,2,0.15,nan,binary:hinge,0.8407603742738169
200,3,2,0.15,nan,binary:logitraw,0.8435858639082515
200,3,2,0.15,0,binary:logistic,0.8497896941982145
200,3,2,0.15,0,binary:hinge,0.8407603742738169
200,3,2,0.15,0,binary:logitraw,0.8435858639082515
200,3,2,0.2,nan,binary:logistic,0.8512024093036686
200,3,2,0.2,nan,binary:hinge,0.8423266680680431
200,3,2,0.2,nan,binary:logitraw,0.8434322937085547
200,3,2,0.2,0,binary:logistic,0.8512024093036686
200,3,2,0.2,0,binary:hinge,0.8423266680680431
200,3,2,0.2,0,binary:logitraw,0.8434322937085547
200,3,2,0.25,nan,binary:logistic,0.8503732417151593
200,3,2,0.25,nan,binary:hinge,0.8426338311049709
200,3,2,0.25,nan,binary:logitraw,0.8434937404643987
200,3,2,0.25,0,binary:logistic,0.8503732417151593
200,3,2,0.25,0,binary:hinge,0.8426338311049709
200,3,2,0.25,0,binary:logitraw,0.8434937404643987
200,4,0.5,0.15,nan,binary:logistic,0.8500967893225408
200,4,0.5,0.15,nan,binary:hinge,0.8412210311087649
200,4,0.5,0.15,nan,binary:logitraw,0.8433094256640917
200,4,0.5,0.15,0,binary:logistic,0.8500967893225408
200,4,0.5,0.15,0,binary:hinge,0.8412210311087649
200,4,0.5,0.15,0,binary:logitraw,0.8433094256640917
200,4,0.5,0.2,nan,binary:logistic,0.849605427502667
200,4,0.5,0.2,nan,binary:hinge,0.8413746550726047
200,4,0.5,0.2,nan,binary:logitraw,0.8427873333920664
200,4,0.5,0.2,0,binary:logistic,0.849605427502667
200,4,0.5,0.2,0,binary:hinge,0.8413746550726047
200,4,0.5,0.2,0,binary:logitraw,0.8427873333920664
200,4,0.5,0.25,nan,binary:logistic,0.8480698415230582
200,4,0.5,0.25,nan,binary:hinge,0.8432787574651583
200,4,0.5,0.25,nan,binary:logitraw,0.8436165660634857
200,4,0.5,0.25,0,binary:logistic,0.8480698415230582
200,4,0.5,0.25,0,binary:hinge,0.8432787574651583
200,4,0.5,0.25,0,binary:logitraw,0.8436165660634857
200,4,1,0.15,nan,binary:logistic,0.8497282615908291
200,4,1,0.15,nan,binary:hinge,0.8422652863951088
200,4,1,0.15,nan,binary:logitraw,0.843063743339309
200,4,1,0.15,0,binary:logistic,0.8497282615908291
200,4,1,0.15,0,binary:hinge,0.8422652863951088
200,4,1,0.15,0,binary:logitraw,0.843063743339309
200,4,1,0.2,nan,binary:logistic,0.848960506801863
200,4,1,0.2,nan,binary:hinge,0.8423267020243439
200,4,1,0.2,nan,binary:logitraw,0.8430944454945429
200,4,1,0.2,0,binary:logistic,0.848960506801863
200,4,1,0.2,0,binary:hinge,0.8423267020243439
200,4,1,0.2,0,binary:logitraw,0.8430944454945429
200,4,1,0.25,nan,binary:logistic,0.848653366402469
200,4,1,0.25,nan,binary:hinge,0.8437701758788667
200,4,1,0.25,nan,binary:logitraw,0.8439236725065787
200,4,1,0.25,0,binary:logistic,0.848653366402469
200,4,1,0.25,0,binary:hinge,0.8437701758788667
200,4,1,0.25,0,binary:logitraw,0.8439236725065787
200,4,1.5,0.15,nan,binary:logistic,0.8498203878643734
200,4,1.5,0.15,nan,binary:hinge,0.8426031515872706
200,4,1.5,0.15,nan,binary:logitraw,0.8429408866136129
200,4,1.5,0.15,0,binary:logistic,0.8498203878643734
200,4,1.5,0.15,0,binary:hinge,0.8426031515872706
200,4,1.5,0.15,0,binary:logitraw,0.8429408866136129
200,4,1.5,0.2,nan,binary:logistic,0.8496668176646766
200,4,1.5,0.2,nan,binary:hinge,0.8414360225970805
200,4,1.5,0.2,nan,binary:logitraw,0.8430330468434583
200,4,1.5,0.2,0,binary:logistic,0.8496668176646766
200,4,1.5,0.2,0,binary:hinge,0.8414360225970805
200,4,1.5,0.2,0,binary:logitraw,0.8430330468434583
200,4,1.5,0.25,nan,binary:logistic,0.8484998273293812
200,4,1.5,0.25,nan,binary:hinge,0.8435244341305577
200,4,1.5,0.25,nan,binary:logitraw,0.8434322767304042
200,4,1.5,0.25,0,binary:logistic,0.8484998273293812
200,4,1.5,0.25,0,binary:hinge,0.8435244341305577
200,4,1.5,0.25,0,binary:logitraw,0.8434322767304042
200,4,2,0.15,nan,binary:logistic,0.8501582219299264
200,4,2,0.15,nan,binary:hinge,0.8423267388103364
200,4,2,0.15,nan,binary:logitraw,0.8434016000423957
200,4,2,0.15,0,binary:logistic,0.8501582219299264
200,4,2,0.15,0,binary:hinge,0.8423267388103364
200,4,2,0.15,0,binary:logitraw,0.8434016000423957
200,4,2,0.2,nan,binary:logistic,0.8492061268734278
200,4,2,0.2,nan,binary:hinge,0.842111736003254
200,4,2,0.2,nan,binary:logitraw,0.8428180610145262
200,4,2,0.2,0,binary:logistic,0.8492061268734278
200,4,2,0.2,0,binary:hinge,0.842111736003254
200,4,2,0.2,0,binary:logitraw,0.8428180610145262
200,4,2,0.25,nan,binary:logistic,0.8495439920655897
200,4,2,0.25,nan,binary:hinge,0.8440772738328848
200,4,2,0.25,nan,binary:logitraw,0.8428794823031448
200,4,2,0.25,0,binary:logistic,0.8495439920655897
200,4,2,0.25,0,binary:hinge,0.8440772738328848
200,4,2,0.25,0,binary:logitraw,0.8428794823031448
250,2,0.5,0.15,nan,binary:logistic,0.8484998131809225
250,2,0.5,0.15,nan,binary:hinge,0.827462461550078
250,2,0.5,0.15,nan,binary:logitraw,0.8426338339346627
250,2,0.5,0.15,0,binary:logistic,0.8484998131809225
250,2,0.5,0.15,0,binary:hinge,0.827462461550078
250,2,0.5,0.15,0,binary:logitraw,0.8426338339346627
250,2,0.5,0.2,nan,binary:logistic,0.84963616078451
250,2,0.5,0.2,nan,binary:hinge,0.8377507367908873
250,2,0.5,0.2,nan,binary:logitraw,0.8431866283619222
250,2,0.5,0.2,0,binary:logistic,0.84963616078451
250,2,0.5,0.2,0,binary:hinge,0.8377507367908873
250,2,0.5,0.2,0,binary:logitraw,0.8431866283619222
250,2,0.5,0.25,nan,binary:logistic,0.8500353680339222
250,2,0.5,0.25,nan,binary:hinge,0.8404839813047248
250,2,0.5,0.25,nan,binary:logitraw,0.8436780297974802
250,2,0.5,0.25,0,binary:logistic,0.8500353680339222
250,2,0.5,0.25,0,binary:hinge,0.8404839813047248
250,2,0.5,0.25,0,binary:logitraw,0.8436780297974802
250,2,1,0.15,nan,binary:logistic,0.848254116707681
250,2,1,0.15,nan,binary:hinge,0.8281995056947348
250,2,1,0.15,nan,binary:logitraw,0.8428487914666775
250,2,1,0.15,0,binary:logistic,0.848254116707681
250,2,1,0.15,0,binary:hinge,0.8281995056947348
250,2,1,0.15,0,binary:logitraw,0.8428487914666775
250,2,1,0.2,nan,binary:logistic,0.8492983267189572
250,2,1,0.2,nan,binary:hinge,0.8366451818926691
250,2,1,0.2,nan,binary:logitraw,0.843155903569154
250,2,1,0.2,0,binary:logistic,0.8492983267189572
250,2,1,0.2,0,binary:hinge,0.8366451818926691
250,2,1,0.2,0,binary:logitraw,0.843155903569154
250,2,1,0.25,nan,binary:logistic,0.8502196573670037
250,2,1,0.25,nan,binary:hinge,0.8411597116890485
250,2,1,0.25,nan,binary:logitraw,0.8438008469074919
250,2,1,0.25,0,binary:logistic,0.8502196573670037
250,2,1,0.25,0,binary:hinge,0.8411597116890485
250,2,1,0.25,0,binary:logitraw,0.8438008469074919
250,2,1.5,0.15,nan,binary:logistic,0.8484076784183029
250,2,1.5,0.15,nan,binary:hinge,0.8284759580873532
250,2,1.5,0.15,nan,binary:logitraw,0.8426645474086637
250,2,1.5,0.15,0,binary:logistic,0.8484076784183029
250,2,1.5,0.15,0,binary:hinge,0.8284759580873532
250,2,1.5,0.15,0,binary:logitraw,0.8426645474086637
250,2,1.5,0.2,nan,binary:logistic,0.8493904643112686
250,2,1.5,0.2,nan,binary:hinge,0.8379350261239688
250,2,1.5,0.2,nan,binary:logitraw,0.8428488112745196
250,2,1.5,0.2,0,binary:logistic,0.8493904643112686
250,2,1.5,0.2,0,binary:hinge,0.8379350261239688
250,2,1.5,0.2,0,binary:logitraw,0.8428488112745196
250,2,1.5,0.25,nan,binary:logistic,0.8499739439156119
250,2,1.5,0.25,nan,binary:hinge,0.8413439614064457
250,2,1.5,0.25,nan,binary:logitraw,0.8436780015005629
250,2,1.5,0.25,0,binary:logistic,0.8499739439156119
250,2,1.5,0.25,0,binary:hinge,0.8413439614064457
250,2,1.5,0.25,0,binary:logitraw,0.8436780015005629
250,2,2,0.15,nan,binary:logistic,0.8488068998161736
250,2,2,0.15,nan,binary:hinge,0.8262953184114293
250,2,2,0.15,nan,binary:logitraw,0.8424495615797315
250,2,2,0.15,0,binary:logistic,0.8488068998161736
250,2,2,0.15,0,binary:hinge,0.8262953184114293
250,2,2,0.15,0,binary:logitraw,0.8424495615797315
250,2,2,0.2,nan,binary:logistic,0.8489604728455623
250,2,2,0.2,nan,binary:hinge,0.8348332029439683
250,2,2,0.2,nan,binary:logitraw,0.842787378667134
250,2,2,0.2,0,binary:logistic,0.8489604728455623
250,2,2,0.2,0,binary:hinge,0.8348332029439683
250,2,2,0.2,0,binary:logitraw,0.842787378667134
250,2,2,0.25,nan,binary:logistic,0.8496975452871363
250,2,2,0.25,nan,binary:hinge,0.8406376250764067
250,2,2,0.25,nan,binary:logitraw,0.8429102127552962
250,2,2,0.25,0,binary:logistic,0.8496975452871363
250,2,2,0.25,0,binary:hinge,0.8406376250764067
250,2,2,0.25,0,binary:logitraw,0.8429102127552962
250,3,0.5,0.15,nan,binary:logistic,0.8509874432825786
250,3,0.5,0.15,nan,binary:hinge,0.8426951929700633
250,3,0.5,0.15,nan,binary:logitraw,0.8434630241607058
250,3,0.5,0.15,0,binary:logistic,0.8509874432825786
250,3,0.5,0.15,0,binary:hinge,0.8426951929700633
250,3,0.5,0.15,0,binary:logitraw,0.8434630241607058
250,3,0.5,0.2,nan,binary:logistic,0.8507724602833383
250,3,0.5,0.2,nan,binary:hinge,0.8407910905775097
250,3,0.5,0.2,nan,binary:logitraw,0.8444457817567544
250,3,0.5,0.2,0,binary:logistic,0.8507724602833383
250,3,0.5,0.2,0,binary:hinge,0.8407910905775097
250,3,0.5,0.2,0,binary:logitraw,0.8444457817567544
250,3,0.5,0.25,nan,binary:logistic,0.8502503651816212
250,3,0.5,0.25,nan,binary:hinge,0.8423880921863537
250,3,0.5,0.25,nan,binary:logitraw,0.8433708667605524
250,3,0.5,0.25,0,binary:logistic,0.8502503651816212
250,3,0.5,0.25,0,binary:hinge,0.8423880921863537
250,3,0.5,0.25,0,binary:logitraw,0.8433708667605524
250,3,1,0.15,nan,binary:logistic,0.8499125367754518
250,3,1,0.15,nan,binary:hinge,0.8418046239007774
250,3,1,0.15,nan,binary:logitraw,0.8434630496279315
250,3,1,0.15,0,binary:logistic,0.8499125367754518
250,3,1,0.15,0,binary:hinge,0.8418046239007774
250,3,1,0.15,0,binary:logitraw,0.8434630496279315
250,3,1,0.2,nan,binary:logistic,0.8509260106751931
250,3,1,0.2,nan,binary:hinge,0.8423881006754287
250,3,1,0.2,nan,binary:logitraw,0.8441386951215034
250,3,1,0.2,0,binary:logistic,0.8509260106751931
250,3,1,0.2,0,binary:hinge,0.8423881006754287
250,3,1,0.2,0,binary:logitraw,0.8441386951215034
250,3,1,0.25,nan,binary:logistic,0.8497589892132887
250,3,1,0.25,nan,binary:hinge,0.8435858639082515
250,3,1,0.25,nan,binary:logitraw,0.842725951719132
250,3,1,0.25,0,binary:logistic,0.8497589892132887
250,3,1,0.25,0,binary:hinge,0.8435858639082515
250,3,1,0.25,0,binary:logitraw,0.842725951719132
250,3,1.5,0.15,nan,binary:logistic,0.8503118034483902
250,3,1.5,0.15,nan,binary:hinge,0.8414360254267722
250,3,1.5,0.15,nan,binary:logitraw,0.8435858723973267
250,3,1.5,0.15,0,binary:logistic,0.8503118034483902
250,3,1.5,0.15,0,binary:hinge,0.8414360254267722
250,3,1.5,0.15,0,binary:logitraw,0.8435858723973267
250,3,1.5,0.2,nan,binary:logistic,0.8507724574536466
250,3,1.5,0.2,nan,binary:hinge,0.842510954571433
250,3,1.5,0.2,nan,binary:logitraw,0.8439544086181137
250,3,1.5,0.2,0,binary:logistic,0.8507724574536466
250,3,1.5,0.2,0,binary:hinge,0.842510954571433
250,3,1.5,0.2,0,binary:logitraw,0.8439544086181137
250,3,1.5,0.25,nan,binary:logistic,0.8499739835312962
250,3,1.5,0.25,nan,binary:hinge,0.8434323078570132
250,3,1.5,0.25,nan,binary:logitraw,0.8437394369376401
250,3,1.5,0.25,0,binary:logistic,0.8499739835312962
250,3,1.5,0.25,0,binary:hinge,0.8434323078570132
250,3,1.5,0.25,0,binary:logitraw,0.8437394369376401
250,3,2,0.15,nan,binary:logistic,0.8501275452419178
250,3,2,0.15,nan,binary:hinge,0.8401461387500967
250,3,2,0.15,nan,binary:logitraw,0.8437394256188733
250,3,2,0.15,0,binary:logistic,0.8501275452419178
250,3,2,0.15,0,binary:hinge,0.8401461387500967
250,3,2,0.15,0,binary:logitraw,0.8437394256188733
250,3,2,0.2,nan,binary:logistic,0.8512638504001294
250,3,2,0.2,nan,binary:hinge,0.8422345333054236
250,3,2,0.2,nan,binary:logitraw,0.843555144774867
250,3,2,0.2,0,binary:logistic,0.8512638504001294
250,3,2,0.2,0,binary:hinge,0.8422345333054236
250,3,2,0.2,0,binary:logitraw,0.843555144774867
250,3,2,0.25,nan,binary:logistic,0.8505575055810152
250,3,2,0.25,nan,binary:hinge,0.8434937659316243
250,3,2,0.25,nan,binary:logitraw,0.8436780269677885
250,3,2,0.25,0,binary:logistic,0.8505575055810152
250,3,2,0.25,0,binary:hinge,0.8434937659316243
250,3,2,0.25,0,binary:logitraw,0.8436780269677885
250,4,0.5,0.15,nan,binary:logistic,0.8494825764363544
250,4,0.5,0.15,nan,binary:hinge,0.8410981885315277
250,4,0.5,0.15,nan,binary:logitraw,0.8433401447974762
250,4,0.5,0.15,0,binary:logistic,0.8494825764363544
250,4,0.5,0.15,0,binary:hinge,0.8410981885315277
250,4,0.5,0.15,0,binary:logitraw,0.8433401447974762
250,4,0.5,0.2,nan,binary:logistic,0.8492982955923482
250,4,0.5,0.2,nan,binary:hinge,0.8412518040062923
250,4,0.5,0.2,nan,binary:logitraw,0.8434937093377898
250,4,0.5,0.2,0,binary:logistic,0.8492982955923482
250,4,0.5,0.2,0,binary:hinge,0.8412518040062923
250,4,0.5,0.2,0,binary:logitraw,0.8434937093377898
250,4,0.5,0.25,nan,binary:logistic,0.8460736241757271
250,4,0.5,0.25,nan,binary:hinge,0.84327876029485
250,4,0.5,0.25,nan,binary:logitraw,0.843063763147151
250,4,0.5,0.25,0,binary:logistic,0.8460736241757271
250,4,0.5,0.25,0,binary:hinge,0.84327876029485
250,4,0.5,0.25,0,binary:logitraw,0.843063763147151
250,4,1,0.15,nan,binary:logistic,0.8494211494883525
250,4,1,0.15,nan,binary:hinge,0.8428180893114433
250,4,1,0.15,nan,binary:logitraw,0.8436165688931773
250,4,1,0.15,0,binary:logistic,0.8494211494883525
250,4,1,0.15,0,binary:hinge,0.8428180893114433
250,4,1,0.15,0,binary:logitraw,0.8436165688931773
250,4,1,0.2,nan,binary:logistic,0.8487761665343304
250,4,1,0.2,nan,binary:hinge,0.8426645389195885
250,4,1,0.2,nan,binary:logitraw,0.8432479987160896
250,4,1,0.2,0,binary:logistic,0.8487761665343304
250,4,1,0.2,0,binary:hinge,0.8426645389195885
250,4,1,0.2,0,binary:logitraw,0.8432479987160896
250,4,1,0.25,nan,binary:logistic,0.8472713619413242
250,4,1,0.25,nan,binary:hinge,0.8436166226573202
250,4,1,0.25,nan,binary:logitraw,0.8431865972353131
250,4,1,0.25,0,binary:logistic,0.8472713619413242
250,4,1,0.25,0,binary:hinge,0.8436166226573202
250,4,1,0.25,0,binary:logitraw,0.8431865972353131
250,4,1.5,0.15,nan,binary:logistic,0.8500046602193047
250,4,1.5,0.15,nan,binary:hinge,0.8432173729625321
250,4,1.5,0.15,nan,binary:logitraw,0.8430022909240812
250,4,1.5,0.15,0,binary:logistic,0.8500046602193047
250,4,1.5,0.15,0,binary:hinge,0.8432173729625321
250,4,1.5,0.15,0,binary:logitraw,0.8430022909240812
250,4,1.5,0.2,nan,binary:logistic,0.8485304898689311
250,4,1.5,0.2,nan,binary:hinge,0.8415281318924747
250,4,1.5,0.2,nan,binary:logitraw,0.8431251561388523
250,4,1.5,0.2,0,binary:logistic,0.8485304898689311
250,4,1.5,0.2,0,binary:hinge,0.8415281318924747
250,4,1.5,0.2,0,binary:logitraw,0.8431251561388523
250,4,1.5,0.25,nan,binary:logistic,0.8470870839270098
250,4,1.5,0.25,nan,binary:hinge,0.8432173418359231
250,4,1.5,0.25,nan,binary:logitraw,0.8435551221373331
250,4,1.5,0.25,0,binary:logistic,0.8470870839270098
250,4,1.5,0.25,0,binary:hinge,0.8432173418359231
250,4,1.5,0.25,0,binary:logitraw,0.8435551221373331
250,4,2,0.15,nan,binary:logistic,0.8492368771334213
250,4,2,0.15,nan,binary:hinge,0.8428795700235883
250,4,2,0.15,nan,binary:logitraw,0.8430023701554497
250,4,2,0.15,0,binary:logistic,0.8492368771334213
250,4,2,0.15,0,binary:hinge,0.8428795700235883
250,4,2,0.15,0,binary:logitraw,0.8430023701554497
250,4,2,0.2,nan,binary:logistic,0.8493289751100486
250,4,2,0.2,nan,binary:hinge,0.8422038509580315
250,4,2,0.2,nan,binary:logitraw,0.8425109206151321
250,4,2,0.2,0,binary:logistic,0.8493289751100486
250,4,2,0.2,0,binary:hinge,0.8422038509580315
250,4,2,0.2,0,binary:logitraw,0.8425109206151321
250,4,2,0.25,nan,binary:logistic,0.8492061636594203
250,4,2,0.25,nan,binary:hinge,0.8440465433807333
250,4,2,0.25,nan,binary:logitraw,0.8434322908788628
250,4,2,0.25,0,binary:logistic,0.8492061636594203
250,4,2,0.25,0,binary:hinge,0.8440465433807333
250,4,2,0.25,0,binary:logitraw,0.8434322908788628
